{"cameraMode":{"drawMode":0,"name":"Shaded","section":"Shading Mode"},"sceneLighting":true,"audioPlay":false,"sceneViewState":{"m_AlwaysRefresh":false,"showFog":true,"showSkybox":true,"showFlares":true,"showImageEffects":true,"showParticleSystems":true,"showVisualEffectGraphs":true,"m_FxEnabled":true},"in2DMode":false,"pivot":{"x":-42.117347717285159,"y":2.6492087841033937,"z":67.02383422851563},"rotation":{"x":0.011498084291815758,"y":-0.24721379578113557,"z":0.0029362135101109745,"w":0.9688698649406433},"size":44.94822311401367,"orthographic":false}