{"cameraMode":{"drawMode":0,"name":"Shaded","section":"Shading Mode"},"sceneLighting":true,"audioPlay":false,"sceneViewState":{"m_AlwaysRefresh":false,"showFog":true,"showSkybox":true,"showFlares":true,"showImageEffects":true,"showParticleSystems":true,"showVisualEffectGraphs":true,"m_FxEnabled":true},"in2DMode":false,"pivot":{"x":1.7707421779632569,"y":-1.1159895658493043,"z":2.5943210124969484},"rotation":{"x":0.22561882436275483,"y":-0.28654083609580996,"z":0.0696249008178711,"w":0.9285218119621277},"size":4.643438339233398,"orthographic":false}