{"cameraMode":{"drawMode":0,"name":"Shaded","section":"Shading Mode"},"sceneLighting":true,"audioPlay":false,"sceneViewState":{"m_AlwaysRefresh":false,"showFog":true,"showSkybox":true,"showFlares":true,"showImageEffects":true,"showParticleSystems":true,"showVisualEffectGraphs":true,"m_FxEnabled":true},"in2DMode":false,"pivot":{"x":-7.659934043884277,"y":2.9686570167541506,"z":-2.2130537033081056},"rotation":{"x":0.14061488211154939,"y":-0.3792482316493988,"z":0.058430422097444537,"w":0.9126731157302856},"size":11.537704467773438,"orthographic":false}